window_frame_index,source_frame_index,schema_version,session_id,mode,frame_index,wall_time_ns,x,y,z,yaw_deg,pitch_deg,quat_x,quat_y,quat_z,quat_w,right_x,right_y,right_z,up_x,up_y,up_z,back_x,back_y,back_z,fov_deg,width,height,dimension,source
0,300,1,20260914-203609-flashback_export,flashback_export,300,34558473233100,-556.142173004,88.269999981,244.355174948,-177.8953857,-9.7500324,-0.084968127,0.018298781,-0.001560721,-0.996214390,0.999325514,-0.000000000,0.036724243,-0.006219253,0.985556006,0.169235840,-0.036193799,-0.169350073,0.984891236,70.0000000,1280,720,minecraft:overworld,flashback_export_aligned
1,301,1,20260914-203609-flashback_export,flashback_export,301,34558494067100,-556.163744284,88.269999981,244.354380430,-177.8953857,-9.7500324,-0.084968127,0.018298781,-0.001560721,-0.996214390,0.999325514,-0.000000000,0.036724243,-0.006219253,0.985556006,0.169235840,-0.036193799,-0.169350073,0.984891236,70.0000000,1280,720,minecraft:overworld,flashback_export_aligned
2,302,1,20260914-203609-flashback_export,flashback_export,302,34558514817300,-556.185315565,88.269999981,244.353585913,-177.8953857,-9.7500324,-0.084968127,0.018298781,-0.001560721,-0.996214390,0.999325514,-0.000000000,0.036724243,-0.006219253,0.985556006,0.169235840,-0.036193799,-0.169350073,0.984891236,70.0000000,1280,720,minecraft:overworld,flashback_export_aligned
3,303,1,20260914-203609-flashback_export,flashback_export,303,34558538032100,-556.206886847,88.269999981,244.352791396,-177.8953857,-9.7500324,-0.084968127,0.018298781,-0.001560721,-0.996214390,0.999325514,-0.000000000,0.036724243,-0.006219253,0.985556006,0.169235840,-0.036193799,-0.169350073,0.984891236,70.0000000,1280,720,minecraft:overworld,flashback_export_aligned
4,304,1,20260914-203609-flashback_export,flashback_export,304,34558562834600,-556.228458127,88.269999981,244.351996878,-177.8953857,-9.7500324,-0.084968127,0.018298781,-0.001560721,-0.996214390,0.999325514,-0.000000000,0.036724243,-0.006219253,0.985556006,0.169235840,-0.036193799,-0.169350073,0.984891236,70.0000000,1280,720,minecraft:overworld,flashback_export_aligned
5,305,1,20260914-203609-flashback_export,flashback_export,305,34558585984400,-556.250029408,88.269999981,244.351202361,-177.8953857,-9.7500324,-0.084968127,0.018298781,-0.001560721,-0.996214390,0.999325514,-0.000000000,0.036724243,-0.006219253,0.985556006,0.169235840,-0.036193799,-0.169350073,0.984891236,70.0000000,1280,720,minecraft:overworld,flashback_export_aligned
6,306,1,20260914-203609-flashback_export,flashback_export,306,34558610365900,-556.271600690,88.269999981,244.350407843,-177.8953857,-9.7500324,-0.084968127,0.018298781,-0.001560721,-0.996214390,0.999325514,-0.000000000,0.036724243,-0.006219253,0.985556006,0.169235840,-0.036193799,-0.169350073,0.984891236,70.0000000,1280,720,minecraft:overworld,flashback_export_aligned
7,307,1,20260914-203609-flashback_export,flashback_export,307,34558634753600,-556.293171970,88.269999981,244.349613326,-177.8953857,-9.7500324,-0.084968127,0.018298781,-0.001560721,-0.996214390,0.999325514,-0.000000000,0.036724243,-0.006219253,0.985556006,0.169235840,-0.036193799,-0.169350073,0.984891236,70.0000000,1280,720,minecraft:overworld,flashback_export_aligned
8,308,1,20260914-203609-flashback_export,flashback_export,308,34558657954300,-556.314743251,88.269999981,244.348818809,-177.8953857,-9.7500324,-0.084968127,0.018298781,-0.001560721,-0.996214390,0.999325514,-0.000000000,0.036724243,-0.006219253,0.985556006,0.169235840,-0.036193799,-0.169350073,0.984891236,70.0000000,1280,720,minecraft:overworld,flashback_export_aligned
9,309,1,20260914-203609-flashback_export,flashback_export,309,34558685007700,-556.336314533,88.269999981,244.348024291,-177.8953857,-9.7500324,-0.084968127,0.018298781,-0.001560721,-0.996214390,0.999325514,-0.000000000,0.036724243,-0.006219253,0.985556006,0.169235840,-0.036193799,-0.169350073,0.984891236,70.0000000,1280,720,minecraft:overworld,flashback_export_aligned
10,310,1,20260914-203609-flashback_export,flashback_export,310,34558708318700,-556.357885813,88.269999981,244.347229774,-177.8953857,-9.7500324,-0.084968127,0.018298781,-0.001560721,-0.996214390,0.999325514,-0.000000000,0.036724243,-0.006219253,0.985556006,0.169235840,-0.036193799,-0.169350073,0.984891236,70.0000000,1280,720,minecraft:overworld,flashback_export_aligned
11,311,1,20260914-203609-flashback_export,flashback_export,311,34558729630900,-556.379457094,88.269999981,244.346435257,-177.8953857,-9.7500324,-0.084968127,0.018298781,-0.001560721,-0.996214390,0.999325514,-0.000000000,0.036724243,-0.006219253,0.985556006,0.169235840,-0.036193799,-0.169350073,0.984891236,70.0000000,1280,720,minecraft:overworld,flashback_export_aligned
12,312,1,20260914-203609-flashback_export,flashback_export,312,34558753923700,-556.401028376,88.269999981,244.345640739,-177.8953857,-9.7500324,-0.084968127,0.018298781,-0.001560721,-0.996214390,0.999325514,-0.000000000,0.036724243,-0.006219253,0.985556006,0.169235840,-0.036193799,-0.169350073,0.984891236,70.0000000,1280,720,minecraft:overworld,flashback_export_aligned
13,313,1,20260914-203609-flashback_export,flashback_export,313,34558774507400,-556.422599658,88.269999981,244.344846222,-177.8953857,-9.7500324,-0.084968127,0.018298781,-0.001560721,-0.996214390,0.999325514,-0.000000000,0.036724243,-0.006219253,0.985556006,0.169235840,-0.036193799,-0.169350073,0.984891236,70.0000000,1280,720,minecraft:overworld,flashback_export_aligned
14,314,1,20260914-203609-flashback_export,flashback_export,314,34558795398200,-556.444170939,88.269999981,244.344051704,-177.8953857,-9.7500324,-0.084968127,0.018298781,-0.001560721,-0.996214390,0.999325514,-0.000000000,0.036724243,-0.006219253,0.985556006,0.169235840,-0.036193799,-0.169350073,0.984891236,70.0000000,1280,720,minecraft:overworld,flashback_export_aligned
15,315,1,20260914-203609-flashback_export,flashback_export,315,34558818220100,-556.465742219,88.269999981,244.343257187,-177.8953857,-9.7500324,-0.084968127,0.018298781,-0.001560721,-0.996214390,0.999325514,-0.000000000,0.036724243,-0.006219253,0.985556006,0.169235840,-0.036193799,-0.169350073,0.984891236,70.0000000,1280,720,minecraft:overworld,flashback_export_aligned
16,316,1,20260914-203609-flashback_export,flashback_export,316,34558838853600,-556.487313501,88.269999981,244.342462670,-177.8953857,-9.7500324,-0.084968127,0.018298781,-0.001560721,-0.996214390,0.999325514,-0.000000000,0.036724243,-0.006219253,0.985556006,0.169235840,-0.036193799,-0.169350073,0.984891236,70.0000000,1280,720,minecraft:overworld,flashback_export_aligned
17,317,1,20260914-203609-flashback_export,flashback_export,317,34558858663800,-556.508884782,88.269999981,244.341668152,-177.8953857,-9.7500324,-0.084968127,0.018298781,-0.001560721,-0.996214390,0.999325514,-0.000000000,0.036724243,-0.006219253,0.985556006,0.169235840,-0.036193799,-0.169350073,0.984891236,70.0000000,1280,720,minecraft:overworld,flashback_export_aligned
18,318,1,20260914-203609-flashback_export,flashback_export,318,34558882217200,-556.530456062,88.269999981,244.340873635,-177.8953857,-9.7500324,-0.084968127,0.018298781,-0.001560721,-0.996214390,0.999325514,-0.000000000,0.036724243,-0.006219253,0.985556006,0.169235840,-0.036193799,-0.169350073,0.984891236,70.0000000,1280,720,minecraft:overworld,flashback_export_aligned
19,319,1,20260914-203609-flashback_export,flashback_export,319,34558903317800,-556.552027344,88.269999981,244.340079118,-177.8953857,-9.7500324,-0.084968127,0.018298781,-0.001560721,-0.996214390,0.999325514,-0.000000000,0.036724243,-0.006219253,0.985556006,0.169235840,-0.036193799,-0.169350073,0.984891236,70.0000000,1280,720,minecraft:overworld,flashback_export_aligned
20,320,1,20260914-203609-flashback_export,flashback_export,320,34558924229700,-556.573598626,88.269999981,244.339284600,-177.8953857,-9.7500324,-0.084968127,0.018298781,-0.001560721,-0.996214390,0.999325514,-0.000000000,0.036724243,-0.006219253,0.985556006,0.169235840,-0.036193799,-0.169350073,0.984891236,70.0000000,1280,720,minecraft:overworld,flashback_export_aligned
21,321,1,20260914-203609-flashback_export,flashback_export,321,34558948754900,-556.595169905,88.269999981,244.338490083,-177.8953857,-9.7500324,-0.084968127,0.018298781,-0.001560721,-0.996214390,0.999325514,-0.000000000,0.036724243,-0.006219253,0.985556006,0.169235840,-0.036193799,-0.169350073,0.984891236,70.0000000,1280,720,minecraft:overworld,flashback_export_aligned
22,322,1,20260914-203609-flashback_export,flashback_export,322,34558971652200,-556.616741186,88.269999981,244.337695565,-177.8953857,-9.7500324,-0.084968127,0.018298781,-0.001560721,-0.996214390,0.999325514,-0.000000000,0.036724243,-0.006219253,0.985556006,0.169235840,-0.036193799,-0.169350073,0.984891236,70.0000000,1280,720,minecraft:overworld,flashback_export_aligned
23,323,1,20260914-203609-flashback_export,flashback_export,323,34558991579400,-556.638312467,88.269999981,244.336901048,-177.8953857,-9.7500324,-0.084968127,0.018298781,-0.001560721,-0.996214390,0.999325514,-0.000000000,0.036724243,-0.006219253,0.985556006,0.169235840,-0.036193799,-0.169350073,0.984891236,70.0000000,1280,720,minecraft:overworld,flashback_export_aligned
24,324,1,20260914-203609-flashback_export,flashback_export,324,34559014759900,-556.659883748,88.269999981,244.336106531,-177.8953857,-9.7500324,-0.084968127,0.018298781,-0.001560721,-0.996214390,0.999325514,-0.000000000,0.036724243,-0.006219253,0.985556006,0.169235840,-0.036193799,-0.169350073,0.984891236,70.0000000,1280,720,minecraft:overworld,flashback_export_aligned
25,325,1,20260914-203609-flashback_export,flashback_export,325,34559037634700,-556.681455028,88.269999981,244.335312013,-177.8953857,-9.7500324,-0.084968127,0.018298781,-0.001560721,-0.996214390,0.999325514,-0.000000000,0.036724243,-0.006219253,0.985556006,0.169235840,-0.036193799,-0.169350073,0.984891236,70.0000000,1280,720,minecraft:overworld,flashback_export_aligned
26,326,1,20260914-203609-flashback_export,flashback_export,326,34559058550300,-556.703026309,88.269999981,244.334517496,-177.8953857,-9.7500324,-0.084968127,0.018298781,-0.001560721,-0.996214390,0.999325514,-0.000000000,0.036724243,-0.006219253,0.985556006,0.169235840,-0.036193799,-0.169350073,0.984891236,70.0000000,1280,720,minecraft:overworld,flashback_export_aligned
27,327,1,20260914-203609-flashback_export,flashback_export,327,34559085047400,-556.724597591,88.269999981,244.333722979,-177.8953857,-9.7500324,-0.084968127,0.018298781,-0.001560721,-0.996214390,0.999325514,-0.000000000,0.036724243,-0.006219253,0.985556006,0.169235840,-0.036193799,-0.169350073,0.984891236,70.0000000,1280,720,minecraft:overworld,flashback_export_aligned
28,328,1,20260914-203609-flashback_export,flashback_export,328,34559104935800,-556.746168873,88.269999981,244.332928461,-177.8953857,-9.7500324,-0.084968127,0.018298781,-0.001560721,-0.996214390,0.999325514,-0.000000000,0.036724243,-0.006219253,0.985556006,0.169235840,-0.036193799,-0.169350073,0.984891236,70.0000000,1280,720,minecraft:overworld,flashback_export_aligned
29,329,1,20260914-203609-flashback_export,flashback_export,329,34559123807500,-556.767740154,88.269999981,244.332133944,-177.8953857,-9.7500324,-0.084968127,0.018298781,-0.001560721,-0.996214390,0.999325514,-0.000000000,0.036724243,-0.006219253,0.985556006,0.169235840,-0.036193799,-0.169350073,0.984891236,70.0000000,1280,720,minecraft:overworld,flashback_export_aligned
30,330,1,20260914-203609-flashback_export,flashback_export,330,34559145071200,-556.789311434,88.269999981,244.331339426,-177.8953857,-9.7500324,-0.084968127,0.018298781,-0.001560721,-0.996214390,0.999325514,-0.000000000,0.036724243,-0.006219253,0.985556006,0.169235840,-0.036193799,-0.169350073,0.984891236,70.0000000,1280,720,minecraft:overworld,flashback_export_aligned
31,331,1,20260914-203609-flashback_export,flashback_export,331,34559166279000,-556.810882714,88.269999981,244.330544909,-177.8953857,-9.7500324,-0.084968127,0.018298781,-0.001560721,-0.996214390,0.999325514,-0.000000000,0.036724243,-0.006219253,0.985556006,0.169235840,-0.036193799,-0.169350073,0.984891236,70.0000000,1280,720,minecraft:overworld,flashback_export_aligned
32,332,1,20260914-203609-flashback_export,flashback_export,332,34559186083700,-556.832453995,88.269999981,244.329750392,-177.8953857,-9.7500324,-0.084968127,0.018298781,-0.001560721,-0.996214390,0.999325514,-0.000000000,0.036724243,-0.006219253,0.985556006,0.169235840,-0.036193799,-0.169350073,0.984891236,70.0000000,1280,720,minecraft:overworld,flashback_export_aligned
33,333,1,20260914-203609-flashback_export,flashback_export,333,34559207606800,-556.854025277,88.269999981,244.328955874,-177.8953857,-9.7500324,-0.084968127,0.018298781,-0.001560721,-0.996214390,0.999325514,-0.000000000,0.036724243,-0.006219253,0.985556006,0.169235840,-0.036193799,-0.169350073,0.984891236,70.0000000,1280,720,minecraft:overworld,flashback_export_aligned
34,334,1,20260914-203609-flashback_export,flashback_export,334,34559228190500,-556.875596557,88.269999981,244.328161357,-177.8953857,-9.7500324,-0.084968127,0.018298781,-0.001560721,-0.996214390,0.999325514,-0.000000000,0.036724243,-0.006219253,0.985556006,0.169235840,-0.036193799,-0.169350073,0.984891236,70.0000000,1280,720,minecraft:overworld,flashback_export_aligned
35,335,1,20260914-203609-flashback_export,flashback_export,335,34559250115000,-556.897167838,88.269999981,244.327366840,-177.8953857,-9.7500324,-0.084968127,0.018298781,-0.001560721,-0.996214390,0.999325514,-0.000000000,0.036724243,-0.006219253,0.985556006,0.169235840,-0.036193799,-0.169350073,0.984891236,70.0000000,1280,720,minecraft:overworld,flashback_export_aligned
36,336,1,20260914-203609-flashback_export,flashback_export,336,34559273362400,-556.918739120,88.269999981,244.326572322,-177.8953857,-9.7500324,-0.084968127,0.018298781,-0.001560721,-0.996214390,0.999325514,-0.000000000,0.036724243,-0.006219253,0.985556006,0.169235840,-0.036193799,-0.169350073,0.984891236,70.0000000,1280,720,minecraft:overworld,flashback_export_aligned
37,337,1,20260914-203609-flashback_export,flashback_export,337,34559297544500,-556.940310401,88.269999981,244.325777805,-177.8953857,-9.7500324,-0.084968127,0.018298781,-0.001560721,-0.996214390,0.999325514,-0.000000000,0.036724243,-0.006219253,0.985556006,0.169235840,-0.036193799,-0.169350073,0.984891236,70.0000000,1280,720,minecraft:overworld,flashback_export_aligned
38,338,1,20260914-203609-flashback_export,flashback_export,338,34559319195400,-556.961881681,88.269999981,244.324983287,-177.8953857,-9.7500324,-0.084968127,0.018298781,-0.001560721,-0.996214390,0.999325514,-0.000000000,0.036724243,-0.006219253,0.985556006,0.169235840,-0.036193799,-0.169350073,0.984891236,70.0000000,1280,720,minecraft:overworld,flashback_export_aligned
39,339,1,20260914-203609-flashback_export,flashback_export,339,34559342086300,-556.983452963,88.269999981,244.324188770,-177.8953857,-9.7500324,-0.084968127,0.018298781,-0.001560721,-0.996214390,0.999325514,-0.000000000,0.036724243,-0.006219253,0.985556006,0.169235840,-0.036193799,-0.169350073,0.984891236,70.0000000,1280,720,minecraft:overworld,flashback_export_aligned
40,340,1,20260914-203609-flashback_export,flashback_export,340,34559364029900,-557.005024244,88.269999981,244.323394253,-177.8953857,-9.7500324,-0.084968127,0.018298781,-0.001560721,-0.996214390,0.999325514,-0.000000000,0.036724243,-0.006219253,0.985556006,0.169235840,-0.036193799,-0.169350073,0.984891236,70.0000000,1280,720,minecraft:overworld,flashback_export_aligned
41,341,1,20260914-203609-flashback_export,flashback_export,341,34559385551400,-557.026595524,88.269999981,244.322599735,-177.8953857,-9.7500324,-0.084968127,0.018298781,-0.001560721,-0.996214390,0.999325514,-0.000000000,0.036724243,-0.006219253,0.985556006,0.169235840,-0.036193799,-0.169350073,0.984891236,70.0000000,1280,720,minecraft:overworld,flashback_export_aligned
42,342,1,20260914-203609-flashback_export,flashback_export,342,34559409014300,-557.048166806,88.269999981,244.321805218,-177.8953857,-9.7500324,-0.084968127,0.018298781,-0.001560721,-0.996214390,0.999325514,-0.000000000,0.036724243,-0.006219253,0.985556006,0.169235840,-0.036193799,-0.169350073,0.984891236,70.0000000,1280,720,minecraft:overworld,flashback_export_aligned
43,343,1,20260914-203609-flashback_export,flashback_export,343,34559433369100,-557.069738087,88.269999981,244.321010701,-177.8953857,-9.7500324,-0.084968127,0.018298781,-0.001560721,-0.996214390,0.999325514,-0.000000000,0.036724243,-0.006219253,0.985556006,0.169235840,-0.036193799,-0.169350073,0.984891236,70.0000000,1280,720,minecraft:overworld,flashback_export_aligned
44,344,1,20260914-203609-flashback_export,flashback_export,344,34559459297000,-557.091309368,88.269999981,244.320216183,-177.8953857,-9.7500324,-0.084968127,0.018298781,-0.001560721,-0.996214390,0.999325514,-0.000000000,0.036724243,-0.006219253,0.985556006,0.169235840,-0.036193799,-0.169350073,0.984891236,70.0000000,1280,720,minecraft:overworld,flashback_export_aligned
45,345,1,20260914-203609-flashback_export,flashback_export,345,34559484927400,-557.112880649,88.269999981,244.319421666,-177.8953857,-9.7500324,-0.084968127,0.018298781,-0.001560721,-0.996214390,0.999325514,-0.000000000,0.036724243,-0.006219253,0.985556006,0.169235840,-0.036193799,-0.169350073,0.984891236,70.0000000,1280,720,minecraft:overworld,flashback_export_aligned
46,346,1,20260914-203609-flashback_export,flashback_export,346,34559506721700,-557.134451930,88.269999981,244.318627148,-177.8953857,-9.7500324,-0.084968127,0.018298781,-0.001560721,-0.996214390,0.999325514,-0.000000000,0.036724243,-0.006219253,0.985556006,0.169235840,-0.036193799,-0.169350073,0.984891236,70.0000000,1280,720,minecraft:overworld,flashback_export_aligned
47,347,1,20260914-203609-flashback_export,flashback_export,347,34559528286400,-557.156023210,88.269999981,244.317832631,-177.8953857,-9.7500324,-0.084968127,0.018298781,-0.001560721,-0.996214390,0.999325514,-0.000000000,0.036724243,-0.006219253,0.985556006,0.169235840,-0.036193799,-0.169350073,0.984891236,70.0000000,1280,720,minecraft:overworld,flashback_export_aligned
48,348,1,20260914-203609-flashback_export,flashback_export,348,34559555564700,-557.177594492,88.269999981,244.317038114,-177.8953857,-9.7500324,-0.084968127,0.018298781,-0.001560721,-0.996214390,0.999325514,-0.000000000,0.036724243,-0.006219253,0.985556006,0.169235840,-0.036193799,-0.169350073,0.984891236,70.0000000,1280,720,minecraft:overworld,flashback_export_aligned
49,349,1,20260914-203609-flashback_export,flashback_export,349,34559579585800,-557.199165773,88.269999981,244.316243596,-177.8953857,-9.7500324,-0.084968127,0.018298781,-0.001560721,-0.996214390,0.999325514,-0.000000000,0.036724243,-0.006219253,0.985556006,0.169235840,-0.036193799,-0.169350073,0.984891236,70.0000000,1280,720,minecraft:overworld,flashback_export_aligned
50,350,1,20260914-203609-flashback_export,flashback_export,350,34559601940800,-557.220737055,88.269999981,244.315449079,-177.8953857,-9.7500324,-0.084968127,0.018298781,-0.001560721,-0.996214390,0.999325514,-0.000000000,0.036724243,-0.006219253,0.985556006,0.169235840,-0.036193799,-0.169350073,0.984891236,70.0000000,1280,720,minecraft:overworld,flashback_export_aligned
51,351,1,20260914-203609-flashback_export,flashback_export,351,34559627001700,-557.242308335,88.269999981,244.314654562,-177.8953857,-9.7500324,-0.084968127,0.018298781,-0.001560721,-0.996214390,0.999325514,-0.000000000,0.036724243,-0.006219253,0.985556006,0.169235840,-0.036193799,-0.169350073,0.984891236,70.0000000,1280,720,minecraft:overworld,flashback_export_aligned
52,352,1,20260914-203609-flashback_export,flashback_export,352,34559649360700,-557.263879616,88.269999981,244.313860044,-177.8953857,-9.7500324,-0.084968127,0.018298781,-0.001560721,-0.996214390,0.999325514,-0.000000000,0.036724243,-0.006219253,0.985556006,0.169235840,-0.036193799,-0.169350073,0.984891236,70.0000000,1280,720,minecraft:overworld,flashback_export_aligned
53,353,1,20260914-203609-flashback_export,flashback_export,353,34559670853600,-557.285450897,88.269999981,244.313065527,-177.8953857,-9.7500324,-0.084968127,0.018298781,-0.001560721,-0.996214390,0.999325514,-0.000000000,0.036724243,-0.006219253,0.985556006,0.169235840,-0.036193799,-0.169350073,0.984891236,70.0000000,1280,720,minecraft:overworld,flashback_export_aligned
54,354,1,20260914-203609-flashback_export,flashback_export,354,34559694113000,-557.307022178,88.269999981,244.312271009,-177.8953857,-9.7500324,-0.084968127,0.018298781,-0.001560721,-0.996214390,0.999325514,-0.000000000,0.036724243,-0.006219253,0.985556006,0.169235840,-0.036193799,-0.169350073,0.984891236,70.0000000,1280,720,minecraft:overworld,flashback_export_aligned
55,355,1,20260914-203609-flashback_export,flashback_export,355,34559720122000,-557.328593461,88.269999981,244.311476492,-177.8953857,-9.7500324,-0.084968127,0.018298781,-0.001560721,-0.996214390,0.999325514,-0.000000000,0.036724243,-0.006219253,0.985556006,0.169235840,-0.036193799,-0.169350073,0.984891236,70.0000000,1280,720,minecraft:overworld,flashback_export_aligned
56,356,1,20260914-203609-flashback_export,flashback_export,356,34559740811700,-557.350164743,88.269999981,244.310681975,-177.8953857,-9.7500324,-0.084968127,0.018298781,-0.001560721,-0.996214390,0.999325514,-0.000000000,0.036724243,-0.006219253,0.985556006,0.169235840,-0.036193799,-0.169350073,0.984891236,70.0000000,1280,720,minecraft:overworld,flashback_export_aligned
57,357,1,20260914-203609-flashback_export,flashback_export,357,34559763190000,-557.371736021,88.269999981,244.309887457,-177.8953857,-9.7500324,-0.084968127,0.018298781,-0.001560721,-0.996214390,0.999325514,-0.000000000,0.036724243,-0.006219253,0.985556006,0.169235840,-0.036193799,-0.169350073,0.984891236,70.0000000,1280,720,minecraft:overworld,flashback_export_aligned
58,358,1,20260914-203609-flashback_export,flashback_export,358,34559785553200,-557.393307302,88.269999981,244.309092940,-177.8953857,-9.7500324,-0.084968127,0.018298781,-0.001560721,-0.996214390,0.999325514,-0.000000000,0.036724243,-0.006219253,0.985556006,0.169235840,-0.036193799,-0.169350073,0.984891236,70.0000000,1280,720,minecraft:overworld,flashback_export_aligned
59,359,1,20260914-203609-flashback_export,flashback_export,359,34559805106300,-557.414878583,88.269999981,244.308298423,-177.8953857,-9.7500324,-0.084968127,0.018298781,-0.001560721,-0.996214390,0.999325514,-0.000000000,0.036724243,-0.006219253,0.985556006,0.169235840,-0.036193799,-0.169350073,0.984891236,70.0000000,1280,720,minecraft:overworld,flashback_export_aligned
60,360,1,20260914-203609-flashback_export,flashback_export,360,34559831030100,-557.436449864,88.269999981,244.307503905,-177.8953857,-9.7500324,-0.084968127,0.018298781,-0.001560721,-0.996214390,0.999325514,-0.000000000,0.036724243,-0.006219253,0.985556006,0.169235840,-0.036193799,-0.169350073,0.984891236,70.0000000,1280,720,minecraft:overworld,flashback_export_aligned
